代码,名称,买入日期,前日净值日期,前日单位净值,买入开盘价,参考折溢价,前收盘价,跌停价,卖出日期,09:30收益,10:00收益,11:30收益,卖出日一字跌停
159315.SZ,工银黄金股ETF,2025-04-07,2025-04-03,1.0562,0.955,-9.5815%,1.056,0.950,2025-04-08,+1.8848%,—,—,否
159562.SZ,华夏黄金股ETF,2025-04-07,2025-04-03,1.4046,1.32,-6.0231%,1.412,1.271,2025-04-08,-2.2727%,—,—,否
517400.SH,国泰黄金股ETF,2025-04-07,2025-04-03,1.0243,0.931,-9.1087%,1.025,0.923,2025-04-08,+0.4296%,—,—,否
517520.SH,永赢黄金股ETF,2025-04-07,2025-04-03,1.2837,1.162,-9.4804%,1.29,1.161,2025-04-08,+0.0861%,—,—,否
159315.SZ,工银黄金股ETF,2025-10-22,2025-10-21,1.6377,1.515,-7.4922%,1.64,1.476,2025-10-23,+3.3003%,—,—,否
159321.SZ,华安黄金股ETF,2025-10-22,2025-10-21,1.5306,1.441,-5.8539%,1.533,1.380,2025-10-23,+2.0125%,—,—,否
159322.SZ,平安黄金股ETF,2025-10-22,2025-10-21,1.6162,1.514,-6.3235%,1.616,1.454,2025-10-23,+2.3118%,—,—,否
159562.SZ,华夏黄金股ETF,2025-10-22,2025-10-21,2.1796,2.05,-5.9460%,2.183,1.965,2025-10-23,+1.9512%,—,—,否
517400.SH,国泰黄金股ETF,2025-10-22,2025-10-21,1.5792,1.498,-5.1418%,1.585,1.427,2025-10-23,+0.8678%,—,—,否
517520.SH,永赢黄金股ETF,2025-10-22,2025-10-21,1.9998,1.866,-6.6907%,2.0,1.800,2025-10-23,+2.8403%,—,—,否
159315.SZ,工银黄金股ETF,2026-01-30,2026-01-29,2.5595,2.32,-9.3573%,2.573,2.316,2026-02-02,-10.1724%,-10.1724%,-10.1724%,是
159562.SZ,华夏黄金股ETF,2026-01-30,2026-01-29,3.4045,3.08,-9.5315%,3.41,3.069,2026-02-02,-10.3247%,-10.3247%,-10.3247%,是
517400.SH,国泰黄金股ETF,2026-01-30,2026-01-29,2.4708,2.231,-9.7054%,2.477,2.229,2026-02-02,-10.0852%,-10.0852%,-10.0852%,是
517520.SH,永赢黄金股ETF,2026-01-30,2026-01-29,3.1432,2.83,-9.9644%,3.132,2.819,2026-02-02,-10.3534%,-10.3534%,-10.3534%,是
159315.SZ,工银黄金股ETF,2026-02-03,2026-02-02,2.1248,1.916,-9.8268%,2.084,1.876,2026-02-04,+15.7620%,+11.6910%,+10.3340%,否
159321.SZ,华安黄金股ETF,2026-02-03,2026-02-02,1.9919,1.84,-7.6259%,1.977,1.779,2026-02-04,+12.5543%,—,—,否
159322.SZ,平安黄金股ETF,2026-02-03,2026-02-02,2.0965,1.971,-5.9862%,2.043,1.839,2026-02-04,+12.1766%,+7.1537%,+5.5302%,否
517400.SH,国泰黄金股ETF,2026-02-03,2026-02-02,2.0497,1.94,-5.3520%,2.006,1.805,2026-02-04,+10.0515%,—,—,否
159321.SZ,华安黄金股ETF,2026-02-06,2026-02-05,1.9229,1.775,-7.6915%,1.907,1.716,2026-02-09,+9.9155%,+8.9577%,+9.4085%,否
159322.SZ,平安黄金股ETF,2026-02-06,2026-02-05,2.0211,1.888,-6.5855%,2.006,1.805,2026-02-09,+7.8919%,+7.5212%,+7.9979%,否
159562.SZ,华夏黄金股ETF,2026-02-06,2026-02-05,2.7198,2.55,-6.2431%,2.702,2.432,2026-02-09,+8.3922%,+7.3333%,+7.8431%,否
517400.SH,国泰黄金股ETF,2026-02-06,2026-02-05,1.9765,1.856,-6.0966%,1.959,1.763,2026-02-09,+7.7586%,+7.0582%,+7.5970%,否
517520.SH,永赢黄金股ETF,2026-02-06,2026-02-05,2.5146,2.373,-5.6311%,2.494,2.245,2026-02-09,+7.0375%,+6.5318%,+7.1218%,否
159315.SZ,工银黄金股ETF,2026-03-04,2026-03-03,2.2051,2.071,-6.0814%,2.204,1.984,2026-03-05,+3.0420%,+1.0140%,+2.4143%,否
159321.SZ,华安黄金股ETF,2026-03-04,2026-03-03,2.0654,1.961,-5.0547%,2.065,1.859,2026-03-05,+1.8868%,+0.1020%,+1.3259%,否
517400.SH,国泰黄金股ETF,2026-03-04,2026-03-03,2.1267,2.009,-5.5344%,2.137,1.923,2026-03-05,+2.7875%,+0.4480%,+1.4435%,否
159315.SZ,工银黄金股ETF,2026-03-23,2026-03-20,1.7956,1.68,-6.4380%,1.786,1.607,2026-03-24,-0.1190%,-0.5357%,+2.3810%,否
159321.SZ,华安黄金股ETF,2026-03-23,2026-03-20,1.684,1.596,-5.2257%,1.672,1.505,2026-03-24,-1.7544%,-2.0677%,+1.0025%,否
159562.SZ,华夏黄金股ETF,2026-03-23,2026-03-20,2.3835,2.24,-6.0206%,2.362,2.126,2026-03-24,+0.0000%,-1.6071%,+1.9643%,否
517400.SH,国泰黄金股ETF,2026-03-23,2026-03-20,1.7304,1.621,-6.3222%,1.713,1.542,2026-03-24,-0.6169%,-1.2955%,+1.9124%,否
517520.SH,永赢黄金股ETF,2026-03-23,2026-03-20,2.2004,2.079,-5.5172%,2.183,1.965,2026-03-24,-0.5772%,—,—,否
159562.SZ,华夏黄金股ETF,2026-06-08,2026-06-05,1.9929,1.888,-5.2637%,1.984,1.786,2026-06-09,-0.7945%,-1.3771%,-1.2182%,否
159315.SZ,工银黄金股ETF,2026-07-24,2026-07-23,1.538,1.46,-5.0715%,1.539,1.385,2026-07-27,+2.4658%,+1.5068%,+1.1644%,否
159562.SZ,华夏黄金股ETF,2026-07-24,2026-07-23,2.0452,1.94,-5.1438%,2.051,1.846,2026-07-27,+3.5567%,+1.9072%,+1.1856%,否
517400.SH,国泰黄金股ETF,2026-07-24,2026-07-23,1.4844,1.404,-5.4163%,1.49,1.341,2026-07-27,+2.6353%,+1.8519%,+1.4245%,否
159321.SZ,华安黄金股ETF,2026-08-31,2026-08-28,1.7567,1.657,-5.6754%,1.749,1.574,2026-09-01,+1.9916%,+2.4744%,+2.3537%,否
159562.SZ,华夏黄金股ETF,2026-08-31,2026-08-28,2.4948,2.355,-5.6037%,2.487,2.238,2026-09-01,+1.5287%,+2.5902%,+2.2930%,否
517400.SH,国泰黄金股ETF,2026-08-31,2026-08-28,1.8103,1.708,-5.6510%,1.804,1.624,2026-09-01,+1.6393%,+2.4590%,+2.4005%,否
517520.SH,永赢黄金股ETF,2026-08-31,2026-08-28,2.2962,2.166,-5.6702%,2.286,2.057,2026-09-01,+1.5235%,+2.4469%,+2.1699%,否
